TRAIN_NUMBER,TRAIN_NAME,OWNING_RLY,TRAIN_TYPE,TRAIN_SUB_TYPE,TRAIN_SRC,TRAIN_DSTN,NO_OF_COACHES,RAKE_TYPE
00131,REWA-SSB DELEGATES SPL,WCR,TRSF,NFIR,REWA,SSB,14,LHB
00132,SSB-REWA DELEGATES SPL,WCR,TRSF,NFIR,SSB,REWA,14,LHB
00137,MML-PNME FTR SPL,WCR,TRST,FTR,MML,PNME,24,LHB
00138,PNME-MML FTR SPL,WCR,TRST,FTR,PNME,MML,18,LHB
00150,HDP-BSBS FTR SPL,CR,TRST,FTR,HDP,HDP,18,ICF
00151,HDP-BSBS FTR SPL,CR,TRST,FTR,HDP,HDP,24,ICF
00438,YNRK-YNRK BHGV SPL,NR,TRST,BHGV,TDN,YNRK,18,ICF
00901,ST-NRPA PARCEL SPL,WR,PEXP,MISC,ST,NRPA,21,PARCEL
00902,NRPA-ST PARCEL SPL,WR,PEXP,MISC,NRPA,ST,21,PARCEL
00935,INDB-KOAA-INDB SPL ,WR,TRST,BHGV,INDB,INDB,14,LHB
01053,DVL-DNR SPL,CR,TOD,TOD,DVL,DNR,23,ICF
01054,DNR-MMR SPL,CR,TOD,TOD,DNR,MMR,23,ICF
01143,LTT-DNR SPL,CR,TOD,PUJA,LTT,DNR,18,ICF
01144,DNR-LTT SPL,CR,TOD,PUJA,DNR,LTT,18,ICF
01149,BIRD-SGTY MIXED TOD,CR,TOD,TOD,BIRD,SGTY,22,ICF
01150,SGTY-TNA MIXED TOD,CR,TOD,TOD,SRC,TNA,22,ICF
01449,PUNE-DNR SPL,CR,TOD,PUJA,PUNE,DNR,18,ICF
01450,DNR-PUNE SPL,CR,TOD,PUJA,DNR,PUNE,18,ICF
01661,RKMP-GAYA PITRAPAKSH SPL,WCR,TOD,PUJA,RKMP,GAYA,24,LHB
01662,GAYA-RKMP PITRAPAKSH SPL,WCR,TOD,PUJA,GAYA,RKMP,24,LHB
01665,RKMP- AGARTALA EXP,WCR,TOD,RTOD,RKMP,AGTL,23,ICF
01665,RKMP- AGARTALA EXP,WCR,TOD,RTOD,RKMP,AGTL,24,ICF
01666,AGTL-RKMP FESTIVAL SPL,WCR,TOD,RTOD,AGTL,RKMP,23,ICF
01667,RKMP-DNR PUJA SPECIAL,WCR,TOD,PUJA,RKMP,DNR,24,ICF
01668,DNR-RKMP PUJA SPL,WCR,TOD,PUJA,DNR,RKMP,24,ICF
01701,JBP-DNR PUJA SPECIAL,WCR,TOD,PUJA,JBP,DNR,17,ICF
01702,DNR-JBP PUJA SPL,WCR,TOD,PUJA,DNR,JBP,17,ICF
01703,DADN-REWA PUJA SPL,WCR,TOD,PUJA,DADN,REWA,20,LHB
01704,REWA-INDB PUJA SPL,WCR,TOD,PUJA,REWA,DADN,20,LHB
01705,JBP-GAYA PITRAPAKSH SPL,WCR,TOD,PUJA,JBP,GAYA,24,ICF
01706,GAYA-JBP PITRPAKSH SPL,WCR,TOD,PUJA,GAYA,JBP,24,ICF
01707,JBP-ANVT PUJA SPECIAL,WCR,TOD,PUJA,JBP,ANVT,24,ICF
01708,ANVT-JBP PUJA SPECIAL,WCR,TOD,PUJA,ANVT,JBP,24,ICF
02187,REWA-CSMT SF SUMMER SPL,WCR,TOD,TOD,REWA,CSMT,24,ICF
02188,CSMT-REWA SF SUMMER SPL,WCR,TOD,TOD,CSMT,REWA,24,ICF
02191,RKMP-REWA PUJA SPL,WCR,TOD,PUJA,RKMP,REWA,22,LHB
02192,REWA-RKMP PUJA SPL,WCR,TOD,PUJA,REWA,RKMP,22,LHB
03213,DNR-HDP EXPRESS SPECIAL,ECR,TOD,PUJA,DNR,HDP,22,LHB
03214,HDP-DNR EXPRESS SPECIAL,ECR,TOD,PUJA,HDP,DNR,22,LHB
03241,DNR- SMVB SF EXPRESS SPL,ECR,TOD,PUJA,DNR,SMVB,24,ICF
03242,SMVB -DNR SF EXPRESS SPL,ECR,TOD,PUJA,SMVB,DNR,24,ICF
03245,DNR-SMVB SF EXPRESS SPL,ECR,TOD,RTOD,DNR,SMVB,23,ICF
03246,SMVB-DNR SF EXPRESS SPL,ECR,TOD,RTOD,SMVB,DNR,23,ICF
03247,DNR- SMVB SF EXPRESS SPL,ECR,TOD,PUJA,DNR,SMVB,24,ICF
03248,SMVB -DNR SF EXPRESS SPL,ECR,TOD,PUJA,SMVB,DNR,24,ICF
03251,DNR- SMVB SF EXPRESS SPL,ECR,TOD,RTOD,DNR,SMVB,24,ICF
03252,SMVB -DNR SF EXPRESS SPL,ECR,TOD,RTOD,SMVB,DNR,24,ICF
03259,DNR-SMVB SF EXPRESS SPL,ECR,TOD,RTOD,DNR,SMVB,24,ICF
03260,SMVB-DNR SF EXPRESS SPL,ECR,TOD,RTOD,SMVB,DNR,24,ICF
03379,DHN-LTT EXPRESS SPL,ECR,TOD,RTOD,DHN,LTT,22,LHB
03380,LTT-DHN EXPRESS SPL,ECR,TOD,RTOD,LTT,DHN,22,LHB
03417,MLDT-UDN PUJA SPL,ER,TOD,PUJA,MLDT,UDN,22,ICF
03418,UDN-MLDT PUJA SPL,ER,TOD,PUJA,UDN,MLDT,22,ICF
03679,DHN-CBE WEEKLY EXPRESS,ECR,TOD,TOD,DHN,CBE,24,ICF
03680,CBE-DHN WEEKLY EXPRESS,ECR,TOD,TOD,CBE,DHN,24,ICF
04115,SFG-LTT WEEKLY SPL,NCR,TOD,TOD,SFG,LTT,22,LHB
04116,LTT-SFG WEEKLY SPL,NCR,TOD,TOD,LTT,SFG,22,LHB
04131,CNB-SMVB SPL,NCR,TOD,PUJA,CNB,SMVB,24,ICF
04132,SMVB-CNB SPECIAL,NCR,TOD,PUJA,SMVB,CNB,24,ICF
04151,CNB-LTT SUF. SPL,NCR,TOD,RTOD,CNB,LTT,20,ICF
04152,LTT-CNB SUF. SPL,NCR,TOD,RTOD,LTT,CNB,20,ICF
05115,CPR-UDN FESTIVAL SPL TOD,NER,TOD,PUJA,CPR,UDN,22,LHB
05116,UDN- CPR FESTIVAL SPL TOD,NER,TOD,PUJA,UDN,CPR,22,LHB
05253,MFP-CHZ INAUGURAL SPL,ECR,INGL,AMTB,MFP,CHZ,22,LHBPP
05289,MFP-HDP SPECIAL,ECR,TOD,TOD,MFP,HDP,22,AMTB
05290,HDP-MFP SPECIAL,ECR,TOD,TOD,HDP,MFP,22,AMTB
05293,MFP-SC EXPRESS SPL,ECR,TOD,TOD,MFP,CHZ,21,LHB
05294,SC-MFP EXPRESS SPL,ECR,TOD,TOD,CHZ,MFP,21,LHB
05313,MBNR-GTNR FESTIVAL SPL,NER,TOD,PUJA,MBNR,GTNR,22,LHB
05314,GTNR-MBNR  FESTIVAL SPL,NER,TOD,PUJA,GTNR,MBNR,22,LHB
05557,RXL-LTT SF EXPRESS SPL,ECR,TOD,PUJA,RXL,LTT,21,LHB
05558,LTT-RXL SF EXPRESS SPL,ECR,TOD,PUJA,LTT,RXL,21,LHB
05561,RXL-VTA EXPRESS SPECIAL,ECR,TOD,PUJA,RXL,VTA,24,ICF
05562,VTA-RXL EXPRESS SPECIAL,ECR,TOD,PUJA,VTA,RXL,24,ICF
05585,SHC-LTT EXPRESS SPL,ECR,TOD,PUJA,SHC,LTT,22,LHB
05586,LTT-SHC EXPRESS SPL,ECR,TOD,PUJA,LTT,SHC,22,LHB
06211,MYS-DBG SPECIAL,SWR,TOD,RTOD,MYS,DBG,21,ICF
06212,DBG-MYS SPECIAL,SWR,TOD,RTOD,DBG,MYS,21,ICF
06509,SBC-DNR HMSF SF EXP SPL,SWR,TOD,CLON,SBC,DNR,22,LHB
06510,DNR-SBC HMSF S/F EXP SPL,SWR,TOD,CLON,DNR,SBC,22,LHB
06553,YPR-GAYA BHARAT GAURAV,SWR,TRST,BHGV,DVG,GAYA,14,LHB
06554,GAYA-SMVB BHARAT GAURAV,SWR,TRST,BHGV,GAYA,SMVB,14,LHB
06563,YPR-DHN EXP SPL,SWR,TOD,RTOD,YPR,DHN,21,ICF
06564,DHN-YPR EXP SPL,SWR,TOD,RTOD,DHN,YPR,20,ICF
06602,JBN-ED AMTB INAUGURAL SPL,NFR,INGL,AMTB,JBN,ED,22,AMTB
06904,BSB-KON BGT SPL,SR,TRST,BHGV,BSB,KON,14,LHB
07007,CHERLAPALLI-RAKSHAL,SCR,TOD,PUJA,CHZ,RXL,24,ICF
07008,RXL-CHZ,SCR,TOD,PUJA,RXL,CHZ,24,ICF
07021,CHZ-SSM,SCR,TOD,PUJA,CHZ,SSM,24,ICF
07021,CHZ-SSM,SCR,TOD,TOD,CHZ,SSM,19,ICF
07022,SSM-CHZ,SCR,TOD,PUJA,SSM,CHZ,24,ICF
07022,SSM-CHZ,SCR,TOD,TOD,SSM,CHZ,19,ICF
07311,VSG-MFP SPECIAL,SWR,TOD,RTOD,VSG,MFP,20,LHB
07312,MFP-VSG SPECIAL,SWR,TOD,RTOD,MFP,VSG,20,LHB
07315,UBL-MFP EXP SPL,SWR,TOD,RTOD,UBL,MFP,19,ICF
07316,MFP-UBL EXP SPL,SWR,TOD,RTOD,MFP,UBL,22,ICF
07328,MAU-BGM SPECIAL,SWR,TOD,RTOD,MAU,BGM,12,ICF
07357,UBL-RXL EXP SPL,SWR,TOD,PUJA,UBL,RXL,23,ICF
07358,RXL-UBL EXP SPL,SWR,TOD,PUJA,RXL,UBL,23,ICF
07419,CHZ-BXR,SCR,TOD,PUJA,CHZ,BXR,24,ICF
07420,BXR-CHZ,SCR,TOD,PUJA,BXR,CHZ,24,ICF
07651,J-CPR,SCR,TOD,PUJA,J,CPR,24,ICF
07652,CPR-J,SCR,TOD,PUJA,CPR,J,24,ICF
08611,SRC-AII SPECIAL TOD,SER,TOD,TOD,SRC,AII,20,ICF
08611,SRC-AII WEEKLY PUJA SPL,SER,TOD,PUJA,SRC,AII,20,ICF
08612,AII-SRC SPECIAL TOD,SER,TOD,PUJA,AII,SRC,20,ICF
08612,AII-SRC SPECIAL TOD,SER,TOD,TOD,AII,SRC,20,ICF
08853,BSP-AYC SPL,SECR,TRST,BHGV,BSP,AYC,15,LHB
08854,AYC-BSP SPL,SECR,TRST,BHGV,AYC,BSP,15,LHB
09025,BL-DNR SPECIAL,WR,TOD,PUJA,BL,DNR,22,ICF
09026,DNR-BL SPECIAL,WR,TOD,SUMR,DNR,BL,22,ICF
09029,BANDRA - REWA SPECIAL,WR,TOD,PUJA,BDTS,REWA,22,LHB
09030,REWA-BANDRA SPECIAL,WR,TOD,PUJA,REWA,BDTS,22,LHB
09031,UDN - JYG SPECIAL,WR,TOD,PUJA,UDN,JYG,22,LHB
09032,JYG - UDN SPECIAL,WR,TOD,PUJA,JYG,UDN,22,LHB
09033,UDHNA-BARAUNI SPECIAL,WR,TOD,PUJA,UDN,BJU,16,LHB
09034,BARAUNI - UDHNA SPECIAL,WR,TOD,PUJA,BJU,UDN,16,LHB
09039,UDN - DHN SPL,WR,TOD,PUJA,UDN,DHN,22,ICF
09040,DHN-UDN SPL,WR,TOD,PUJA,DHN,UDN,22,ICF
09045,UDN-PNBE SUF SPECIAL,WR,TOD,PUJA,UDN,PNBE,22,LHB
09046,PNBE-UDN SUF SPECIAL,WR,TOD,PUJA,PNBE,UDN,22,LHB
09065,ST - CPR SPL CLONE TRAIN,WR,TOD,CLON,ST,CPR,22,LHB
09066,CPR - ST SPL CLONE TRAIN,WR,TOD,CLON,CPR,ST,22,LHB
09067,UDHNA - JAYNAGAR SPECIAL,WR,TOD,PUJA,UDN,JYG,17,LHB
09068,JAYNAGAR - UDHNA SPECIAL,WR,TOD,PUJA,JYG,UDN,17,LHB
09069,UDN-SPJ SPECIAL TRAIN,WR,TOD,PUJA,UDN,SPJ,16,LHB
09070,SPJ-UDN SPECIAL TRAIN,WR,TOD,PUJA,SPJ,UDN,16,LHB
09151,UDN-JYG SPL,WR,TOD,PUJA,UDN,JYG,22,ICF
09343,DADN - PNBE SPL,WR,TOD,PUJA,DADN,PNBE,22,LHB
09344,PNBE - DADN SPL,WR,TOD,PUJA,PNBE,DADN,22,LHB
09619,AJMER RANCHI TOD,NWR,TOD,PUJA,AII,RNC,18,ICF
09620,RANCHI AJMER TOD,NWR,TOD,PUJA,RNC,AII,18,ICF
11015,LTT-SHC AMRIT BHARAT,CR,AMTB,AMTB,LTT,SHC,22,AMTB
11016,SHC-LTT AMRIT BHARAT,CR,AMTB,AMTB,SHC,LTT,22,AMTB
11033,PUNE-DBG EXP,CR,MEX,MEX,PUNE,DBG,20,LHB
11034,DBG-PUNE EXPRESS,CR,MEX,MEX,DBG,PUNE,20,LHB
11037,PUNE-GKP EXPRESS,CR,MEX,MEX,PUNE,BNY,20,LHB
11037,PUNE-GKP EXPRESS,CR,MEX,MEX,PUNE,GKP,20,LHB
11038,GKP-PUNE EXP,CR,MEX,MEX,BNY,PUNE,20,LHB
11038,GKP-PUNE EXP,CR,MEX,MEX,GKP,PUNE,20,LHB
11045,KOP-DHN EXP,CR,MEX,MEX,KOP,DHN,20,LHB
11046,DHN-KOP DIKSHABHUMI EXP,CR,MEX,MEX,DHN,KOP,20,LHB
11055,LTT-GD GODAN EXPRESS,CR,MEX,MEX,LTT,GD,22,LHB
11056,GD-LTT GODAN EXPRESS,CR,MEX,MEX,GD,LTT,22,LHB
11059,LTT-CPR CHHAPRA EXPRESS,CR,MEX,MEX,LTT,CPR,22,LHB
11060,CPR LTT EXPRESS,CR,MEX,MEX,CPR,LTT,22,LHB
11061,LTT-JYG EXP,CR,MEX,MEX,LTT,JYG,22,LHB
11062,JYG  LTT EXP,CR,MEX,MEX,JYG,LTT,22,LHB
11071,LTT-BUI KAMAYANI EXPRES,CR,MEX,MEX,LTT,BUI,22,LHB
11072,BUI-LTT KAMAYANI EXPRES,CR,MEX,MEX,BUI,LTT,22,LHB
11081,LTT-GKP VIA PCOI EXP,CR,MEX,MEX,LTT,GKP,22,LHB
11082,GKP-LTT VIA PCOI,CR,MEX,MEX,GKP,LTT,22,LHB
11271,VINDHYACHAL EXP,WCR,MEX,MEX,ET,BPL,15,ICF
11272,VINDHYACHAL EXP,WCR,MEX,MEX,BPL,ET,15,ICF
11273,ET-PCOI EXP,WCR,MEX,MEX,ET,PCOI,15,ICF
11274,PCOI-ET EXP,WCR,MEX,MEX,PCOI,ET,15,ICF
11427,PUNE-JSME EXP,CR,MEX,MEX,PUNE,JSME,20,LHB
11428,JSME-PUNE EXP,CR,MEX,MEX,JSME,PUNE,20,LHB
11447,SHAKTIPUNJ EXP,WCR,MEX,MEX,JBP,HWH,21,LHB
11448,SHAKTIPUNJ EXP,WCR,MEX,MEX,HWH,JBP,21,LHB
11465,SMNH-JBP EXP,WCR,MEX,MEX,VRL,JBP,22,LHB
11466,JBP-SMNH EXP,WCR,MEX,MEX,JBP,VRL,22,LHB
11601,BINA-KTE EXP MEMU ,WCR,MEX,MXMU,BINA,KTE,8,MEMU
11602,KTE-BINA EXP MEMU ,WCR,MEX,MXMU,KTE,BINA,8,MEMU
11651,JBP-SGRL INTERCITY EXP,WCR,MEX,MEX,JBP,SGRL,22,LHB
11652,SGRL-JBP INTERCITY EXP,WCR,MEX,MEX,SGRL,JBP,22,LHB
11703,REWA-DADN  EXP,WCR,MEX,MEX,REWA,DADN,22,LHB
11704,INDB-REWA EXP,WCR,MEX,MEX,DADN,REWA,22,LHB
11705,JBP REWA EXPRESS ,WCR,MEX,MEX,JBP,REWA,23,ICF
11706,REWA JBP EXP ,WCR,MEX,MEX,REWA,JBP,23,ICF
11753,NITR-REWA EXPRESS ,WCR,MEX,MEX,NITR,REWA,22,LHB
11754,REWA-NITR EXPRESS ,WCR,MEX,MEX,REWA,NITR,22,LHB
11755,NITR-REWA EXPRESS,WCR,MEX,MEX,NITR,REWA,22,LHB
11756,REWA-NITR  EXPRESS,WCR,MEX,MEX,REWA,NITR,22,LHB
12141,LTT-PPTA EXPRESS,CR,SUF,SUF,LTT,PPTA,23,LHB
12142,PPTA-LTT SF EXPRESS,CR,SUF,SUF,PPTA,LTT,23,LHB
12149,PUNE-DNR EXPRESS,CR,SUF,SUF,PUNE,DNR,23,LHB
12149,PUNE-SOU EXPRESS,CR,SUF,SUF,PUNE,SOU,23,LHB
12150,DNR-PUNE EXP,CR,SUF,SUF,DNR,PUNE,23,LHB
12150,SOU-PUNE EXP,CR,SUF,SUF,SOU,PUNE,23,LHB
12165,LTT-GKP EXP,CR,SUF,SUF,LTT,GKP,22,LHB
12166,GKP-LTT EXPRESS,CR,SUF,SUF,GKP,LTT,22,LHB
12167,LTT(T)-BSBS SF EXP,CR,SUF,SUF,LTT,BSBS,22,LHB
12168,BSBS-LTT SF EXP,CR,SUF,SUF,BSBS,LTT,22,LHB
12185,RKMP-REWA REWANCHAL ,WCR,SUF,SUF,RKMP,REWA,22,LHB
12186,REWA-RKMP REWANCHAL EXP,WCR,SUF,SUF,REWA,RKMP,22,LHB
12189,JBP-NZM MAHAKOSHAL EXP,WCR,SUF,SUF,JBP,NZM,22,LHB
12190,NZM-JBP MAHAKOSHAL EXP,WCR,SUF,SUF,NZM,JBP,22,LHB
12293,LTT-PRYJ DURONTO,CR,DRNT,DRNT,LTT,PRYJ,22,LHB
12294,PRYJ-LTT DURONTO,CR,DRNT,DRNT,PRYJ,LTT,22,LHB
12295,SMVB-DNR SANGHAMITRA EXP,SWR,SUF,SUF,SMVB,DNR,23,LHB
12296,DNR-SMVB SANGHAMITRA EXP,SWR,SUF,SUF,DNR,SMVB,23,LHB
12321,HWH MUMBAI EXPRESS,ER,SUF,SUF,HWH,CSMT,22,LHB
12322,CSMT-HWH KOLKATA MAIL,ER,SUF,SUF,CSMT,HWH,22,LHB
12335,BGP-LT(T) BI WKLY EXP,ER,SUF,SUF,BGP,LTT,22,LHB
12336,LTT-BGP BI WKLY EXP,ER,SUF,SUF,LTT,BGP,22,LHB
12361,ASN CSMT WEEKLY EXP,ER,SUF,SUF,ASN,CSMT,22,LHB
12362,CSMT-ASN EXP,ER,SUF,SUF,CSMT,ASN,22,LHB
12389,GAYA-CHENNAI EXPRESS,ECR,SUF,SUF,GAYA,MAS,22,LHB
12390,CHENNAI- GAYA EXPRESS,ECR,SUF,SUF,MAS,GAYA,22,LHB
12519,LTT-AGTL AC S/F EXPRESS,NFR,SUF,SUF,LTT,AGTL,23,LHB
12520,AGTL-LTT AC S/F EXPRESS,NFR,SUF,SUF,AGTL,LTT,23,LHB
12539,YPR-LKO EXPRESS,SWR,MEX,MEX,YPR,LKO,16,LHB
12540,LKO-YPR EXPRESS,SWR,MEX,MEX,LKO,YPR,16,LHB
12545,RXL-LTT KARMBHUMI EXPRESS,ECR,SUF,SUF,RXL,LTT,22,LHB
12546,LTT-RXL KARMBHUMI EXP,ECR,SUF,SUF,LTT,RXL,22,LHB
12577,BAGMATI EXPRESS,ECR,SUF,SUF,DBG,MYS,22,LHB
12578,BAGMATI EXPRESS,ECR,SUF,SUF,MYS,DBG,22,LHB
12669,MAS-CPR SF EXP,SR,SUF,SUF,MAS,CPR,22,LHB
12670,CPR-MAS SF EXP,SR,SUF,SUF,CPR,MAS,22,LHB
12741,VSG-PNBE EXPRESS,SWR,SUF,SUF,VSG,PNBE,21,LHB
12742,PNBE-VSG EXPRESS,SWR,SUF,SUF,PNBE,VSG,21,LHB
12791,SC-DNR,SCR,SUF,SUF,SC,DNR,23,LHB
12792,DNR-SC EXP,SCR,SUF,SUF,DNR,SC,23,LHB
13025,HWH-BPL EXP,ER,MEX,MEX,HWH,BPL,20,LHB
13026,BHOPAL-HOWRAH EXPRESS,ER,MEX,MEX,BPL,HWH,20,LHB
13201,PNBE LTT EXPRESS,ECR,MEX,MEX,PNBE,LTT,22,LHB
13201,RGD-LTT EXPRESS,ECR,MEX,MEX,RGD,LTT,22,LHB
13202,LTT - PNBE EXPRESS,ECR,MEX,MEX,LTT,PNBE,22,LHB
13202,LTT - RGD EXPRESS,ECR,MEX,MEX,LTT,RGD,22,LHB
13202,LTT-RGD EXPRESS,ECR,MEX,MEX,LTT,RGD,22,LHB
15017,KASHI EXP,NER,MEX,MEX,LTT,GKP,22,LHB
15018,GKP-LTT EXPRESS,NER,MEX,MEX,GKP,LTT,22,LHB
15181,MAU LTT WEEKLY EXP,NER,MEX,MEX,MAU,LTT,22,LHB
15182,LTT MAU MEX,NER,MEX,MEX,LTT,MAU,22,LHB
15205,CHITRAKOOT EXP,ECR,MEX,MEX,LJN,JBP,22,LHB
15206,CHITRAKOOT EXP,ECR,MEX,MEX,JBP,LJN,21,LHB
15267,RXL-LTT ANTYODAY EXP,ECR,MEX,ANTY,RXL,LTT,22,LHB
15268,LTT-RXL ANTYODAY EXP,ECR,MEX,ANTY,LTT,RXL,22,LHB
15559,DBG-ADI ANTYODAY EXP,ECR,MEX,ANTY,DBG,ADI,22,LHB
15560,ADI-DBG ANTYODAY EXP,ECR,MEX,ANTY,ADI,DBG,22,LHB
15647,LTT-GHY EXPRESS,NFR,MEX,MEX,LTT,GHY,23,LHB
15648,GHY-LTT EXPRESS,NFR,MEX,MEX,GHY,LTT,23,LHB
15945,LTT-DBRG EXPRESS,NFR,MEX,MEX,LTT,DBRG,23,LHB
15946,DBRG-LTT EXPRESS,NFR,MEX,MEX,DBRG,LTT,23,LHB
16367,CAPE-BSBS KASHI TAMIL EXP,SR,MEX,MEX,CAPE,BSBS,22,LHB
16368,BSBS-CAPE WEEKLY EXP,SR,MEX,MEX,BSBS,CAPE,22,LHB
16601,ED-JBN AMRIT BHARAT EXP ,SR,AMTB,AMTB,ED,JBN,22,AMTB
16602,JBN-ED AMRIT BHARAT EXP,SR,AMTB,AMTB,JBN,ED,22,AMTB
17323,UBL-BSBS EXPRESS,SWR,MEX,MEX,UBL,BSBS,21,LHB
17324,BSBS-UBL EXPRESS,SWR,MEX,MEX,BSBS,UBL,21,LHB
17609,PNBE-PAU EXP,SCR,MEX,MEX,PNBE,PAU,21,LHB
17610,PAU-PNBE EXP,SCR,MEX,MEX,PAU,PNBE,21,LHB
18009,SRC-AII WEEKLY EXP,SER,MEX,MEX,SRC,AII,22,LHB
18010,AII-SRC WEEKLY EXP,SER,MEX,MEX,AII,SRC,22,LHB
18233,INDB-BSP NARMADA,SECR,MEX,MEX,INDB,BSP,24,ICF
18234,BSP-INDB NARMADA,SECR,MEX,MEX,BSP,INDB,24,ICF
18235,BPL-BSP,SECR,MEX,MEX,BPL,BSP,12,ICF
18236,BSP-BPL,SECR,MEX,MEX,BSP,BPL,12,ICF
18247,BSP-REWA EXP,SECR,MEX,MEX,BSP,REWA,15,ICF
18248,REWA-BSP EXP,SECR,MEX,MEX,REWA,BSP,15,ICF
18477,PURI-YNRK DAILY EXP,ECOR,MEX,MEX,PURI,YNRK,22,LHB
18478,YNRK-PURI EXPRESS,ECOR,MEX,MEX,YNRK,PURI,22,LHB
18609,RNC LTT EXPRESS ,SER,MEX,MEX,RNC,LTT,22,LHB
18610,LTT - RNC EXPRESS ,SER,MEX,MEX,LTT,RNC,22,LHB
19045,TAPTI GANGA EXPRESS,WR,MEX,MEX,ST,CPR,22,LHB
19045,TAPTI GANGA EXPRESS,WR,MEX,MEX,ST,THE,22,LHB
19046,TAPTI GANGA EXPRESS,WR,MEX,MEX,CPR,ST,22,LHB
19046,TAPTI GANGA EXPRESS,WR,MEX,MEX,THE,ST,22,LHB
19051,VALSAD - MFP EXPRESS,WR,MEX,MEX,BL,MFP,22,LHB
19052,MFP - BL EXPRESS,WR,MEX,MEX,MFP,BL,22,LHB
19091,BDTS - GKP HUMSAFAR,WR,MEX,HMSF,BDTS,GKP,22,LHB
19092,GKP - BDTS HUMSAFAR,WR,MEX,HMSF,GKP,BDTS,22,LHB
19413,ADI - KOAA EXPRESS,WR,MEX,MEX,ADI,KOAA,20,LHB
19414,KOAA - ADI EXPRESS,WR,MEX,MEX,KOAA,ADI,20,LHB
19421,ADI - PNBE EXPRESS,WR,MEX,MEX,ADI,PNBE,20,LHB
19422,PNBE - ADI EXPRESS,WR,MEX,MEX,PNBE,ADI,20,LHB
19489,ADI - GKP EXPRESS,WR,MEX,MEX,ADI,GKP,22,LHB
19490,GKP - ADI  EXPRESS,WR,MEX,MEX,GKP,ADI,22,LHB
19607,KOAA MDJN EXP,NWR,MEX,MEX,KOAA,MDJN,22,LHB
19608,MDJN KOAA EXP,NWR,MEX,MEX,MDJN,KOAA,22,LHB
20151,HDP-REWA SUF EXPRESS,WCR,SUF,SUF,HDP,REWA,20,LHB
20152,REWA-HDP SF EXPRESS,WCR,SUF,SUF,REWA,HDP,20,LHB
20173,RKMP-REWA VANDE BHARATEX ,WCR,VNDB,VNDB,RKMP,REWA,8,VNDB
20174,REWA-RKMP VANDE BHARAT EX,WCR,VNDB,VNDB,REWA,RKMP,8,VNDB
20471,SGNR PURI SUF,NWR,SUF,SUF,SGNR,PURI,21,LHB
20472,PURI SGNR SUF,NWR,SUF,SUF,PURI,SGNR,21,LHB
20807,VSKP-ASR  SF HIRAKUD EXP,ECOR,SUF,SUF,VSKP,ASR,21,LHB
20808,ASR-VSKP SF  HIRAKUD  EXP,ECOR,SUF,SUF,ASR,VSKP,21,LHB
20827,JBP SRC HUMSAFAR EXPRESS,SER,SUF,HMSF,JBP,SRC,22,LHB
20828,SRC JBP HUMSAFAR EXPRESS,SER,SUF,HMSF,SRC,JBP,22,LHB
20903,EKNR - BSB MAHAMANA,WR,SUF,MAMN,EKNR,BSB,22,LHB
20904,BSB - EKNR MAHAMANA,WR,SUF,MAMN,BSB,EKNR,22,LHB
20905,EKNR - REWA MAHAMANA,WR,SUF,MAMN,EKNR,REWA,22,LHB
20906,REWA - EKNR EXPRESS,WR,SUF,MAMN,REWA,EKNR,22,LHB
20929,UDN - BSBS EXPRESS,WR,SUF,SUF,UDN,BSBS,22,LHB
20930,BSBS - UDN SF EXPRES,WR,SUF,SUF,BSBS,UDN,22,LHB
20933,UDN - DNR EXPRESS,WR,SUF,SUF,UDN,DNR,22,LHB
20934,DANAPUR EXPRESS,WR,SUF,SUF,DNR,UDN,22,LHB
20971,UDZ SHM EXP,NWR,SUF,SUF,UDZ,SHM,22,LHB
20972,SHM UDZ EXP,NWR,SUF,SUF,SHM,UDZ,22,LHB
22103,LTT-AYC SF EXP,CR,SUF,SUF,LTT,AYC,22,LHB
22104,AYC-LTT SF EXP,CR,SUF,SUF,AYC,LTT,22,LHB
22131,PUNE-BSBS GYANGANGA EXP,CR,SUF,SUF,PUNE,BSBS,20,LHB
22132,BSBS-PUNE GYANGANGA SF,CR,SUF,SUF,BSBS,PUNE,20,LHB
22145,BPL-REWA SUPER FAST EXP,WCR,SUF,SUF,BPL,REWA,24,ICF
22146,REWA-BPL SUPER FAST EXP,WCR,SUF,SUF,REWA,BPL,24,ICF
22165,BPL-SGRL URJADHANI SF EXP,WCR,SUF,SUF,BPL,SGRL,24,ICF
22166,SGRL-BPL URJADHANI SF EXP,WCR,SUF,SUF,SGRL,BPL,24,ICF
22167,SGRL-NZM URJADHANI SF EXP,WCR,SUF,SUF,SGRL,NZM,24,ICF
22168,NZM-SGRL URJADHANI SF EXP,WCR,SUF,SUF,NZM,SGRL,24,ICF
22169,RKMP-SRC SF HAMSAFAR ,WCR,SUF,HMSF,RKMP,SRC,22,LHB
22170,SRC-RKMP SF HAMSAFAR ,WCR,SUF,HMSF,SRC,RKMP,22,LHB
22177,CSMT-BSB MAHANAGARI EXP,CR,SUF,SUF,CSMT,BSB,22,LHB
22178,BSB-CSMT EXP,CR,SUF,SUF,BSB,CSMT,22,LHB
22183,LTT AYC EXP,CR,SUF,SUF,LTT,AYC,22,LHB
22184,AYC-LTT SAKET EXPRESS,CR,SUF,SUF,AYC,LTT,22,LHB
22189,JBP-REWA INTERCITY EXP,WCR,SUF,SUF,JBP,REWA,22,LHB
22190,REWA-JBP INTERCITY EXP,WCR,SUF,SUF,REWA,JBP,22,LHB
22311,BGP-LT(T) WKLY EXP,ER,SUF,SUF,GODA,LTT,22,LHB
22312,LTT-GODA WEEKLY EXP,ER,SUF,SUF,LTT,GODA,22,LHB
22351,PPTA - SMVB EXPRESS,ECR,SUF,SUF,PPTA,SMVB,22,LHB
22351,SHC-PPTA - SMVB EXPRESS,ECR,SUF,SUF,SHC,SMVB,22,LHB
22352,SMVB - PPTA EXPRESS,ECR,SUF,SUF,SMVB,PPTA,22,LHB
22352,SMVB - PPTA-SHC EXPRESS,ECR,SUF,SUF,SMVB,SHC,22,LHB
22353,PNBE-SMVB HUMSAFAR SF EXP,ECR,SUF,HMSF,PNBE,SMVB,21,LHB
22354,SMVB-PNBE HUMSAFAR SF EXP,ECR,SUF,HMSF,SMVB,PNBE,21,LHB
22359,PNBE-CSMT SF EXPRESS,ECR,SUF,SUF,PNBE,CSMT,22,LHB
22360,CSMT-PNBE SF EXP,ECR,SUF,SUF,CSMT,PNBE,22,LHB
22535,RMM-BSBS SUPER FAST EXP,NER,SUF,SUF,RMM,BSBS,22,LHB
22536,BSBS-RMM SUF EXP,NER,SUF,SUF,BSBS,RMM,22,LHB
22553,RXL-LTT ANTYODAY EXPRESS,ECR,SUF,ANTY,RXL,LTT,22,LHB
22554,LTT-RXL ANTYODAY EXPRESS,ECR,SUF,ANTY,LTT,RXL,22,LHB
22563,JYG-UDN ANTYODAY SF EXP,ECR,SUF,ANTY,JYG,UDN,22,LHB
22564,UDN-JYG ANTYODAY SF EXP,ECR,SUF,ANTY,UDN,JYG,22,LHB
22613,RMM-AYC SHRADDHASETHU SF,SR,SUF,SUF,RMM,AYC,22,LHB
22614,AYC-RMM SHRADDHA SETHU SF,SR,SUF,SUF,AYC,RMM,19,LHB
22614,AYC-RMM SHRADDHA SETHU SF,SR,SUF,SUF,AYC,RMM,22,LHB
22669,ERS PATNA SF EXP,SR,SUF,SUF,ERS,PNBE,22,LHB
22670,PNBE-ERS SF EXP,SR,SUF,SUF,PNBE,ERS,22,LHB
22683,YPR-LKO EXPRESS,SWR,SUF,SUF,YPR,LKO,16,LHB
22684,LKO-YPR EXPRESS,SWR,SUF,SUF,LKO,YPR,16,LHB
22687,MYS-BSB SUF EXPRESS,SWR,SUF,SUF,MYS,BSB,21,LHB
22688,BSB-MYS SUF EXPRESS,SWR,SUF,SUF,BSB,MYS,21,LHB
22829,BHUJ  SHM SUF EXP,SER,SUF,SUF,BHUJ,SHM,22,LHB
22830,SHM BVJ SUF EXP,SER,SUF,SUF,SHM,BHUJ,22,LHB
22909,BL - PURI SUF,WR,SUF,SUF,BL,PURI,22,LHB
22910,PURI - BL SPL,WR,SUF,SUF,PURI,BL,22,LHB
22911,SHIPRA EXPRESS,WR,SUF,SUF,INDB,HWH,22,LHB
22912,SHIPRA EXPRESS,WR,SUF,SUF,HWH,INDB,22,LHB
22913,BDTS-SAHARSA HUMSAFAR,WR,SUF,HMSF,BDTS,SHC,22,LHB
22914,SAHARSA - BDTS HUMSAFAR,WR,SUF,HMSF,SHC,BDTS,22,LHB
22937,RAJKOT - REWA EXPRESS,WR,SUF,SUF,RJT,REWA,22,LHB
22938,REWA - RJT EXPRESS,WR,SUF,SUF,REWA,RJT,22,LHB
22947,ST-BGP S.F EXP,WR,SUF,SUF,ST,BGP,22,LHB
22948,BGP - ST SUF EXPRESS,WR,SUF,SUF,BGP,ST,22,LHB
22967,ADI PRYJ  EXPRESS,WR,SUF,SUF,ADI,PRYJ,20,LHB
22968,PRYJ ADI  SUF,WR,SUF,SUF,PRYJ,ADI,20,LHB
22971,BDTS - PNBE SUF,WR,SUF,SUF,BDTS,PNBE,22,LHB
22972,PNBE - BDTS SUF EXPRESS,WR,SUF,SUF,PNBE,BDTS,22,LHB
61619,BINA-KMZ MEMU,WCR,MEMU,MEMU,BINA,KMZ,12,MEMU
61620,KMZ-BINA MEMU,WCR,MEMU,MEMU,KMZ,BINA,12,MEMU
68747,BSP-KTE,SECR,MEMU,MEMU,BSP,KTE,8,MEMU
68748,KTE-BSP,SECR,MEMU,MEMU,KTE,BSP,8,MEMU
A17409,BSL-MRZA UNSCHD PARCEL,CR,PPSP,PPSP,BSL,MRZA,1,LHB
